question,answer
Apakah normal saat belajar membuat pemrograman tapi masih melihat dan meniru program orang lain ?,"Sangat wajar. Tapi ketika melihat code program orang lain, niatkan juga untuk memahami flow dan logika dari program tersebut. Modifikasi code yang kita tiru/copas tersebut sesuai dengan case kita. Jangan asal lihat dan copas. Dunia kerja juga sama akan seperti itu. Kita pasti akan butuh untuk berkolaborasi dengan orang lain, atau melanjutkan code program dari orang lain. Dan tentu saat melakukan itu, kita pasti harus melihat dan berupaya untuk memahami flow code program itu."
Apa metode yang digunakan untuk memecahkan masalah dalam pemrograman?,"Saya menyebutnya 'nyari kutu'. Apalagi kalo codebase sangat besar. Feelnya seperti mencari jarum di tumpukan jerami. Tapi kalo udah ketemu solusinya, beuuuuhâ€¦ Disinilah munculnya momen satisfying ketika menjadi programmer. Bener-bener farming dopamine."
Apa itu API pada pemrograman?,"API (Application Programming Interface) adalah suatu cara supaya dua aplikasi/service bisa saling berkomunikasi dan berinteraksi. Kita bisa membayangkan sebuah restoran untuk penganalogian API. Kita samakan persepsi dulu bahwa restoran terdapat dua area, yaitu area makan (depan), dan area dapur (belakang). Area depan tempat kita makan atau sekedar menunggu makanan, area belakang tempat semua proses makanan dilakukan. Pengkategorian dua area ini menjadi sangat penting karena bisa dibilang kata kunci untuk memahami konsep API adalah adanya dua area yang terpisah. Misal kita mau makan di restoran, tentu kita tidak bisa langsung masuk ke dalam area dapur untuk membuat atau melihat proses pembuatan makanan tersebut. Karena kita tidak punya akses untuk masuk kesana dan kita hanya pelanggan biasa. Yang bisa kita lakukan adalah pergi ke kasir, lakukan pemesanan makanan, dan tunggu beberapa momen hingga sang pelayan menghidangkan makanan yang sudah kita pesan di meja makan kita. Dan tujuan kita untuk menyantap makanan pun terpenuhi. Ilustrasi memesan makanan tersebut sudah cukup untuk kita memahami apa itu API, baik secara konsep maupun fungsinya. Sekarang masuk ke contoh. Di dalam dunia web development, terdapat yang namanya Restful API. Seperti yang sudah disinggung tadi bahwa API ada jika terdapat dua area yang terpisah, maka dalam konteks web development dua area yang terpisah itu adalah client dan server. Client adalah tempat dimana kita mengakses halaman web tersebut, yang dalam konteks ini adalah browser, sedangkan server adalah tempat di luar client yang mana fungsinya untuk menyimpan data. Di server juga terdapat database. Sebagai contoh, jika kita mengupvote sebuah jawaban di Quora, sebenarnya kita kan juga ingin data yang ada di database Quora juga ikut berubah sesuai dengan jawaban mana yang kita upvote. Maka disinilah peran Restful API sebagai penghubung antara client dan server. Jadi si server menyediakan endpoint atau alamat untuk action apa saja yang sekiranya ada di aplikasi Quora. Jadi action seperti upvote, downvote, menambah jawaban, menambah komentar, itu sudah ada endpointnya tersendiri. Dari sisi client tinggal melakukan http request ke endpoint tersebut. Jadi disinilah timbal balik antara Frontend dan Backend terjadi. Backend membuat endpoint, Frontend mengakses endpoint ketika ada trigger dari user. Contoh API yang lain adalah API References yang biasanya ada pada sebuah library. Ia tidak menggunakan http request seperti Restful API, tapi konsepnya sama, yaitu sebagai penghubung antara dua area. Area yang mana? Ringkasnya API Reference adalah sekumpulan method/function yang bisa kita panggil agar fungsionalitas dari library tersebut bisa kita gunakan di dalam aplikasi kita tanpa kita pedulikan bagaimana logic dan proses dari fungsionalitas tersebut (karena kita menggunakan library supaya pekerjaan kita jadi cepat). That's it, disinilah letaknya dua area tersebut. Aplikasi kita dan si library."
Bagaimana kamu menjelaskan pembelajaran mesin (machine learning) dalam bahasa yang sederhana?,"Bayangkan bayi yang baru lahir yang masih polos dan belum terinstall konsep apapun dalam pikirannya. Ia belum tahu apa itu sekolah, apa itu makan, apa itu bermain, apa itu warna dan konsep lainnya. Seiring bertumbuhnya usia, ia mulai mengetahui sedikit demi sedikit tentang apa yang ada dalam kehidupan ini. Ia mengetahui itu semua dari pengalaman dan tentunya dari lingkungan sekitar. Konsep dalam kepalanya perlahan tumbuh. Ia mulai bisa menyebutkan benda-benda di sekitarnya dengan tepat. Kemampuan kognitifnya mulai meningkat dan ia mulai bisa memanfaatkan apa yang ia punya untuk survive dan bermanfaat di kehidupan ini. Ilustrasi diatas akan berguna jika kita mau memahami cara kerja Machine Learning. Machine Learning konsepnya adalah mengajari komputer dengan data. Data ini isinya input beserta dengan outputnya. Misalkan kita mempunyai data seperti di bawah ini.Bayangkan komputer itu seperti bayi polos yang sudah diilustrasikan di awal tulisan. Disini kita mengajari komputer dengan beberapa data (konsep). di input pertama, kita mengajari komputer dengan gambar lingkaran atas bawah, yang kemudian dikenal dengan angka delapan. Di input kedua kita mengajari hal yang sama meski dengan sedikit perbedaan di gambarnya, begitu juga dengan input ke tiga dan seterusnya. Komputer pun mengerti ""Oh kalo ada gambar dengan bentuk lingkaran atas bawah berarti itu adalah angka delapan"". Lalu terdapat input seperti ini.Komputer pun bingung karena gambar ini belum pernah ia temui sebelumnya. Ia pun berkesimpulan ""Oh ini bukan angka delapan, karena bentuknya beda dengan yang dipelajari sebelumnya (Ingat komputer belum mengenal konsep 'dua'. Karena emang belum diajari. Ingat dengan ilustrasi bayi diawal)"". Contoh lain implementasi Machine Learning yang cukup populer adalah youtube recomendation. Bayangkan ada user yang baru daftar youtube sebut saja A. Karena ini user baru, sistem youtube belum mengenal behavior dari A ini. Konten pertama yang A tonton adalah tentang balapan motogp. Tidak tanggung-tanggung, ia melihat 3 konten langsung tentang balapan motogp. Machine Learning dari youtube pun mulai bekerja dengan menyimpulkan ""Oh si A ini tertarik dengan motogp, maka aku akan menyuguhkan konten motogp kepadanya supaya ia bisa betah di tempatku"". Balik lagi ke ilustrasi awal tadi. Machine Learning, untuk solving problem itu belajar dari data. Sama seperti manusia. Manusia solving problem belajar berdasarkan pengalaman dan informasi yang ia peroleh di masa lalu. Hal yang harus dipahami, untuk memahami Machine Learning adalah menyadari bahwa siklus komputer itu sama seperti siklus manusia. Komputer ini awalnya adalah benda polos yang tidak tau apa-apa, sebelum ia terinstall dengan berbagai program yang membantu ia untuk solving problem."
Bisakah kamu membagikan kode program dalam bahasa apapun yang menampilkan semua bilangan genap di bawah 1000 tanpa menggunakan digit angka apapun di kode programnya?,"Menggunakan javascriptfunction getNum(str) {Â     return strÂ       .split('')Â       .map((_) => _.charCodeAt(''.length))Â       .reduce((_, __) => _ - __);Â }Â Â const dua = getNum('(&');Â const tiga = getNum('.+');Â const sepuluh = (tiga + dua) * dua;Â const seratus = sepuluh * sepuluh;Â const seribu = seratus * sepuluh;Â const nol = dua - dua;Â Â for (let i = nol; i < seribu; i++) {Â     if (i % dua === nol) {Â          console.log(i);Â      }Â }Â Saya membuat sebuah function getNum untuk generate angka 2 dan 3. Kenapa angka 2 dan 3?. Selain karena angkanya yang kecil, saya pikir dari kedua angka tersebut kita bisa meng-crafting angka berapa saja yang kita mau. Implementasinya bisa dilihat di kode saya line 8 - 13. Oh iya untuk outputnya bisa dilihat di bawah ini."
Dapatkah kamu membagikan sebuah program sederhana yang menampilkan nama lengkapmu tanpa bisa dibaca secara langsung untaian alfabetnya di dalam kode sumber programnya?,"Pingin ikutan juga menggunakan Typescriptfunction getName(arr: number[]): string {Â     let name = '';Â     for(let i = 0; i < arr.length; i++){Â         name += String.fromCharCode(arr[i])Â     }Â     return name;Â }Â Â console.log(Â     `Nama saya : ${getName([Â         77, 117, 104, 97, 109, 109, 97, 100, 32, 82, 105, 100, 119, 97, 110,Â     ])}`Â );Â Output :"
Mengapa Java dianggap sebagai bahasa pemrograman yang sulit?,"Karena paradigma pemrogramannya yang langsung Object Oriented Programming (OOP). OOP adalah paradigma pemrograman yang mana melihat kode program itu ke dalam sebuah object. FYI OOP adalah konsep yang bisa dibilang cukup advance buat dipelajari buat pemula. Untuk memahami OOP, kita harus paham dulu tentang paradigma procedural dan functional programming. Di OOP banyak konsep yang harus dipahami seperti class, property, method, constructor, abstract, inheritance dan konsep lainnya. Karena alasan tersebut, orang yang baru belajar programming biasanya memilih Python atau JavaScript sebagai bahasa pertama mereka alih-alih Java."
"Apa hubungan matematika dan pemrograman? Mengapa banyak orang yang bilang ""jika ingin jago ngoding harus bisa matematika""?","Matematika dan programming akarnya sama yaitu logika. Kesamaan lainnya yaitu matematika dan programming itu sama-sama problem solving dan berorientasi detail dan analytical. Programming adalah hal yang baru di era modern saat ini. Bahkan mungkin kita menerima hal yang berbau programming ini ketika kita SMA atau kuliah. Jadi untuk belajar programming di usia tersebut, otomatis kita perlu yang namanya pegangan untuk dijadikan acuan. Dan pegangan yang sangat make sense adalah matematika. Kenapa matematika? Matematika sudah kita cicipi dari sejak kita SD. Disini kita sudah pernah disodori soal matematika yang sederhana hingga yang kompleks. sebenarnya orang yang suka ngerjain dan ngulik soal-soal matematika, sebenarnya ia sudah membentuk mental sebagai seorang problem solver, yang mana hal itu sangat dibutuhkan di dunia programming. Saat ngerjain soal matematika di sekolah, kita memikirkan dan mencari solusi dari suatu problem di secarik kertas. Di programming kita melakukan hal yang sama, cuma bedanya kita menulisnya di text editor. Kita melakukan hal yang sama, cuma objeknya yang berbeda. Sehingga sangat make sense untuk menjadikan matematika sebagai pegangan ketika kita buta akan programming. Dan akhir kata sekaligus opini pribadi dari saya, Untuk belajar programming, kita tidak harus jago matematika. Tapi matematika membantu dan membetuk mental dan pola pikir kita sebagai programmer."
Mengapa matematika begitu sulit dipahami?,"Alasan kenapa banyak orang yang menganggap matematika sulit karena ketika belajar matematika, kita tidak mengaitkan konsep matematika ke dalam kehidupan nyata. Padahal matematika itu butuh konteks supaya bisa dipahami. Contohnya kenapa banyak orang yang hanya bisa penjumlahan, pengurangan, perkalian, dan pembagian? Karena ia sudah terbiasa melakukannya di kehidupan sehari-hari. Contohnya adalah penggunan uang. Saat membeli sesuatu terus dapat kembalian, saat membayar cicilan, atau saat membayar hutang, itu sudah menerapkan konsep matematika bukan? Karena sudah terbiasa dengan hal itu, konsep matematika tersebut bisa nempel di otak kita. Contoh lain adalah kenapa sebagian orang menganggap geometri itu menakutkan? Karena ia tidak mengingimajinasikan geometri di konteks kehidupan nyata. Contohnya orang tidak akan paham konsep luas persegi panjang jika ia tidak membayangkan luas lapangan bola. . Bahkan ada cerita dari teman-teman programmer yang semasa sekolah, ia tidak paham matematika, tapi setelah belajar programming, ia malah paham dan suka matematika.Metode pembelajaran seperti diatas adalah metode Contextual Learning, yaitu metode untuk mengaitkan apa yang sudah dipelajari ke dalam kehidupan nyata. Metode itu digunakan untuk membantu kinerja otak karena otak mempunyai kecenderungan ia hanya bisa mengingat sesuatu yang ber""makna"" buat kita."
Apakah seseorang yang belum pernah belajar JavaScript bisa langsung mempelajari React yang juga pustaka dari JavaScript itu sendiri?,"Kalo dari saya pribadi, jika belum punya pengalaman Javascript sebelumnya tapi sudah tahu tentang konsep-konsep pemrograman seperti looping, conditional, array, dan function. Sebaiknya belajar HTML sama CSS dulu. Baru belajar React, sekalian dengan JavaScriptnya. Prosesnya bisa dimulai dari belajar konsep React seperti JSX, tapi juga dibarengi belajar es6 seperti destructuring, spread operator, arrow function, promise dan konsep es6 yang lain. Jadi mengimplementasikan teknik learning by doing untuk mencegah kebosanan ketika belajar. Tapi jika belum memiliki dasar pemrograman, saran saya lebih baik belajar dasar pemrograman terlebih dahulu."
Bagaimana teknik belajar yang efektif agar mendapatkan pemahaman yang lebih baik?,"Lakukan teknik Feynman Method. Feynman method adalah salah satu metode belajar yang metodenya dengan cara mengajarkan apa yang sudah dipelajari kepada orang lain. Idealnya, sang penemu Richard Feynman menyarankan untuk mengajarkan apa yang sudah dipelajari ke orang lain. Namun yang menjadi masalah bagaimana jika kita tidak menemukan orang lain untuk ""diajari""?. Belum lagi masalah ketika kita mengajari orang lain, bagaimana cara agar ia merasa tidak digurui?, Bagaimana cara agar kita tidak terkesan sok tau ketika mengajari orang lain? Kalo dari pengalman saya, cara untuk meminimalisir hal diatas bisa dengan menulis atau membuat rangkuman tentang apa yang sudah dipelajari dengan bahasa sendiri. Bahasa sendiri saya tulis bold soalnya bagian ini sangat penting untuk diperhatikan. Jangan copy paste penjelasan yang ada pada ppt (jika kita menggunakan ppt). Kemampuan menulis dan menyederhanakan sesuatu akan benar-benar dilatih disini. Pada saat menulis, bayangkan kita sedang menjelaskan hal yang kita pelajari ke orang yang sudah sangat akrab dengan kita, yang dengannya kita merasa didengarkan betul-betul dan benar-benar dihargai. Nanti pada saat mindset ini dipraktekkan, biasanya kita pada saat menulis akan lebih mengalir menjelaskan apa yang sudah dipahami (dengan catatan sebelum itu kita sudah paham dengan apa yang sudah dipelajari, mulai dari konsep, kenapa, dan bagaimana materi itu) . Bayangkan metode ini seperti kita menulis tutorial-tutorial yang ada di Medium atau menulis jawabab di Quora.Sebagai tambahan, jika kita mengaitkan metode ini dengan konsep sedekah yang diajarkan agama. Maka akan nampak bahwa sebenarnya dengan metode ini, kita sedang bersedekah ilmu ke orang lain. Dan kita sudah tau kan kebenaran tentang sedekah? Yaps, pada saat sedekah, nanti kita akan mendapat ganjaran yang lebih besar dari apa yang disedekahkan. Yang mana dalam konteks ini, kita akan mendapatkan lebih banyak pemahaman ilmu."
Bagaimana menjelaskan kepada pemula perbedaan library dan framework?,"Bayangkan kita mau membuat sebuah undangan. Mboh undangan organisasi kampus, undangan pernikahan, atau undangan pengajian. Terus kita mikir ""Bagaimana yah cara membuat undangan tersebut"". Biasanya ketika membuat undangan, kita bisa membuatnya dengan 3 cara. Cara pertama Cara pertama yaitu kita membuat undangan dari awal di sebuah dokumen baru. Jadi misal kita membuatnya pake ms word, kita nyiapin new document. Lalu setelah itu, kita sendiri yang membuat manual elemen-elemennya mulai dari kop undangan, header, yth, dan sebagainya. Cara kedua Cara kedua kita juga sama buat dari dokumen baru, tapi kita ada rujukan file undangan yang sudah ada. Jadi semisal kita mau kop undangannya saja seperti yang ada pada rujukan. Ya tinggal copy paste aja elemen yang dibutuhkan ke file undangan kita. File rujukan bisa lebih dari satu untuk menjaga kemungkinan kita ingin menambahkan elemen yang lain pada file rujukan yang berbeda. Cara ketiga Untuk cara ketiga, kita tidak perlu membuat file undangan baru. Kita sudah disediain template file undangan yang sudah jadi. Jadi kita tinggal gunain file template itu dan kita ubah sesuka hati kita tapi dengan mengikuti struktur dari template yang sudah ada. Untuk cara pertama itu kita bisa ibaratkan seperti membuat sesuatu tanpa bantuan library dan framework. Cara kedua kita bisa ibaratkan membuat sesuatu menggunakan library. Dan cara ketiga membuat sesuatu dengan menggunakan framework. Sekarang fokus ke cara kedua dan ketiga. Untuk cara kedua, kita bisa nentuin elemen mana saja yang ingin dipakai dari file rujukan. Sehingga kita akan lebih bebas dalam proses pembuatan undangannya. Ini salah satu keunggulan library yaitu menawarkan kebebasan. Karakteristik dari library yaitu berbasis fungsionalitas. Untuk cara ketiga, karena ini menggunakan template, maka keunggulannya yaitu akan membuat proses pembuatan lebih mudah dan cepat. Karakteristik dari framework adalah berbasis struktur."
"Mengapa programmer yang sudah senior masih suka cari solusi di Internet, terkadang dikodingin, nanya-nanya terkait pemrograman, mencontek program yang sudah ada, membaca dokumentasi, melihat catatan dan minta diajarin hal baru seputar pemrograman?","Asumsi saya mereka tau bahwa fungsi otak yang sebenarnya digunakan untuk mengolah dan memproses data. Mereka juga sadar bahwa jika mereka menghabiskan waktunya untuk fokus menghafal syntax waktu mereka akan terbuang sia-sia. Karena esensi dari programming itu problem solving, bukan menghafal."
Bagaimana cara agar tidak bucin?,Berpikir rasional.
"Apa penjelasan yang paling sederhana mengenai ""Return"" dalam bahasa pemrograman komputer seperti Python dan lain-lain?","Return adalah sebuah konsep yang ada dalam functional programming. Sebenarnya return Tidak hanya terdapat di python, tapi ada di bahasa pemrograman lain. Cara kerjanya yaitu return akan mengembalikan nilai yang ada dalam sebuah function. Maksudnya begini. Jika kita membuat function dan function tersebut dipanggil, maka nilai dari function tersebut sama dengan returnnya. Supaya lebih gampang, kita langsung ke coontoh dibawah ini.def kuadrat(angka):Â     hasil = angka*angkaÂ     return hasilÂ Diatas adalah sebuah function untuk mencari kuadrat dari sebuah angka. Lalu kita tambahkan codetiga_kuadrat = kuadrat(3)Â print(tiga_kuadrat) # 9Â Kasus diatas adalah untuk mencari kuadrat dari angka 3. Yang perlu dipahami, return dari sebuah function itu sama dengan function tersebut ketika dipanggil. Kalau ditulis dalam persamaan matematis itu kira-kira begini.kuadrat(3) = 9Â tiga_kuadrat = kuadrat(3)Â # tiga_kuadrat = 9Â Lalu apakah bisa sebuah function tanpa return?. Jawabannya adalah bisa. Kalau code diatas ditulis tanpa return, jadinya akan seperti inidef kuadrat(angka):Â     hasil = angka*angkaÂ Â tiga_kuadrat = kuadrat(3)Â print(tiga_kuadrat) # NoneÂ Bisa dilihat function kuadrat(3) akan menghasilkan nilai None di console python. Sebenanrnya function tersebut berjalan, tapi karena tidak ada keyword return, jadinya code tersebut tidak mengembalikan nilai. Semoga bisa dipahami :)"
Apakah seorang pemrogram menghafal kode-kode?,"Mustahil untuk menghafal semua kode yang ada dalam bahasa pemrograman. Otak kita tidak didesain untuk menghafal syntax sebanyak itu. Jadi bagaimana biasanya para programmer/developer ketika membuat kode program? Itulah gunanya internet. Internet dan google sudah seperti sahabat oleh programmer. Mereka adalah teman ngoding yang asyik yang sedia membantu ketika menemukan bug atau lupa syntax. Programmer sekelas expert pun masih sering melakukan ini. Membaca dokumentasi dari technology terkait, googling terkait syntax dan error. Hal-hal seperti itu memang sudah lumrah di kalangan programmer. Karena yang paling penting adalah paham konsep dan algoritma pemrograman seperti looping, percabangan, dan lainnya. Dan bisa mengimplementasikan konsep tadi menjadi sebuah kode program yang bisa berjalan. Nanti juga ketika banyak praktek, syntaxnya akan hafal dengan sendirinya kok. Meskipun sulit untuk hafal 100 persen."
Bagaimana cara bangun pagi untuk orang yang susah bangun pagi?,"Tidur lebih awal maksimal jam 10. Namun bagaimana jika jam segitu saya masih belum ngantuk? Okeâ€¦ berarti pola tidurnya yang memang berantakan. Sekarang pertanyaannya bagaimana mengembalikan pola tidur yang berantakan kembali ke pola tidur yang ideal? Saya punya cara untuk mengembalikan hal ini. Yaitu dengan membuat badan saya secapek-capeknya di siang hari. Bisa dengan berkerja atau apa saja yang bisa membuat badan saya mengeluarkan energi banyak. Dan yang paling penting jangan tidur siang. Ini adalah trik untuk memanipulasi siklus tidur. Nah setelah badan sudah terasa lelah, capek dan ngantuk di malam harinya, maka segera tidur lebih awal. Niatkan untuk bangun jam 4-5. InsyaAllah bisa kok asal niatnya kuat. Setelah itu lakukan hal yang sama kayak kemarin. Jangan tidur siang dan tidur lebih awal. Ini untuk membangun kebiasaan. Makanya butuh repetisi untuk memasukkannya ke dalam bawah sadar."
Apa negara di peta dunia yang memiliki bentuk paling aneh?,"Apakah kamu melihat bentuk yang aneh?Jika tidak, mohon diperhatikan lebih seksama. Jika dilihat, daerah Sumatera, Malaysia, serta Thailand selatan tersebut menghasilkan bentuk mulut buaya yang sedang mangap dengan pulau Sumatera dan semenanjung Malaysia sebagai rahangnya. Bentuk yang unik sekaligus sangat estetik menurut saya."
"Saya seorang pelajar SMA kelas 10, saya mulai tertarik pada pemrograman, dari mana saya memulai nya?","Sudah banyak yang menjawab, tapi saya akan memberikan jawaban lain versi saya sebagai pelengkap. Jika kamu kelas 10 SMA, tidak ada salahnya jika kamu mencoba mengikuti Kompetisi Sains Nasional (KSN) di bidang Informatika. Tujuannya adalah untuk melatih logika berpikir dan melatih problem solving skills. Jangan dibikin beban sampai memasang target juara. Mindset kamu mengikuti ini hanya untuk mengasah problem solving skills. Disini kamu akan menyelesaikan soal-soal logika sederhana sampai yang kompleks. Disini kamu juga akan belajar lebih dalam tentang matematika diskrit (Matematikanya orang Informatika). Disini kamu akan ditantang untuk menyelesaikan beberapa soal pemrograman. Hal ini jika dimanfaatkan dengan baik, bisa menjadi jembatan penghubung kamu ke tujuan kamu selanjutnya. Kamu bisa memulai dari yang paling dasar dulu. Apa itu algoritma. Bagaimana konsep dan cara kerja percabangan dan perulangan (looping). Apa dan bagaimana konsep array. Setelah itu coba berlatih menyelesaikan soal-soal logika. kemampuan analisismu akan diuji disini. Intinya kamu disini membangun mental model sebagai seorang problem solver. Kenapa saya merekomendasikan ini? Karena eman-eman kamu masih kelas 10. Waktumu masih sangat panjang untuk belajar. Karena kalau semisal kamu menyadari bahwa sebenarnya kamu tertarik di programming pas usia 25 tahun, waktu belajarmu tidak seleluasa pas kamu SMA. Alhasil mau belajar aja agak kesusahan karena teringat tanggung jawab yang lain. Sekarang ini banyak yang minat ke IT tapi belajar dasar-dasar nya aja enggan. Pinginnya cepat-cepat belajar framework A, technology A tanpa memperkuat fondasi terlebih dahulu. Nah maksud saya itu biar kamu belajar dasar-dasar nya itu disini. Jadi setelah lulus SMA kamu tinggal menentukan fokus dan tujuanmu di bidang IT itu dimana. Sebagai akhir, saya lampirkan web dari TOKI (Tim Olimpiade Komputer Indonesia) disini."
Apa aplikasi mirip Quora dan sepi pengguna?,"Nama aplikasinya Symbolic ID Berikut tampilannyaDidirikan oleh vokalis Letto, Noe (Sabrang MDP), Symbolic berusaha menjawab tentang keresahan-keresahan yang sering terjadi ketika kita bersosial media. Dimana yang sudah diketahui, bahwa di jaman sekarang orang-orang lebih ingin menjadi populer di medsos ketimbang bermanfaat di medsos. Orang yang melakukan sensasi lebih banyak ditonton dan mendapat atensi ketimbang yang mendapatkan prestasi. Bahkan kadang membuat orang-orang rela melakukan something stupid hanya untuk mengejar view. Symbolic mencoba menawarkan solusi dengan sebuah ruang kajian (RK) yang di dalamnya nama para usernya diubah menjadi anonim. Hal ini dilakukan untuk mencegah terjadinya bias kognitif. Jadi ketika kita melakukan voice up ke sebuah postingan, itu memang karena isi postingannya bermanfaat, bukan karena orangnya. Gimana mau lihat orangnya wong namanya aja diubah menjadi anonim. Sehingga hal ini membuat kita menjadi lebih objektif ketika memberikan penilaian. Ini akan secara tidak langsung membuat viralitas terhadap seseorang itu sulit terjadi disini. Lalu bagaimana jika kita melakukan postingan yang nyeleneh atau provokatif? Kan namanya anonim, jadi aman dong? Tidak semudah itu ferguso. Symbolic sudah mengantisipasi hal itu dengan menyedikan fitur voice down. Jadi jika kita membuat sebuah postingan provokatif, user lain akan melakukan voice down terhadap postingan kita, sehingga kredensial kita di RK itu akan berkurang. Dan ini akan berdampak ketidakpercayaan user lain kepada kita di ruang kajian tersebut. Jadi kayak semacam hukuman sosial gitu. (Hal ini bisa rerjadi jika para user Symbolic sadar akan visi misi dan tujuan Symbolic didirikan). Buat yang masih bingung kredensial dilihat dari mana akan saya tunjukkan contohnya.Bisa dilihat terdapat bintang yang menandakan rating kita di ruang kajian tersebut. Bintang tersebut didapat ketika postingan kita mendapatkan voice up di RK yang bersangkutan. Begitupun sebaliknya jika kita mendapat voice down. Jadi misal ada user yang memiliki bintang 2 di RK psikologi melakukan provokasi, maka user lain akan memvoice down threat user tersebut. Sehingga ini akan mempengaruhi kredensialnya yang awalnya bintang 2 bisa turun ke bintang 1 atau bahkan hilang bintangnya. Jika kita membuat sebuah postingan bermanfaat dan user lain merasa terbantu dan memberikan voice up, bintang kita di RK tersebut akan naik tergantung dari kalkulasi yang dilakukan oleh sistem Symbolic. Jadi bisa dibilang track record user di suatu RK dapat dilihat dari bintang tersebut. Tapi balik lagi, semua hal tersebut bisa terjadi jika para usernya memiliki kesadaran yang sama dengan penggagas Symbolic. Mau berkolaborasi untuk menciptakan gebrakan baru yang anti mainstream dari sosmed lain. Makanya saya lebih suka menyebut Symbolic ini sebagai sebuah komunitas."
Bagaimana saya mulai belajar bahasa pemrograman?,"Jangan belajar bahasa pemrograman. Tapi belajarlah paradigma/konsep dasar pemrograman terlebih dahulu. Kenapa? Karena semua bahasa pemrograman itu 90% memiliki konsep yang sama. Ada percabangan, perulangan (looping), dan tipe data. Tipe data yang biasanya semua bahasa pemrograman punya yaitu int, float, string, dan array. Setelah konsep dasar kita kuasai, baru kita pilih salah satu bahasa pemrograman untuk menguji kemampuan kita mengenai konsep yang telah dipelajari tadi. Pertama bisa dengan mencoba dan mengekplorasi bagaimana cara kerja looping di bahasa pemrograman yang dipilih. Lalu dilanjutkan dengan percabangan. Lalu coba eksperimen ganti tipe datanya. Bagaimana jika tipe datanya string atau array. Bagaimana cara kerjanya. coba perhatikan dan pahami juga sintaksnya Setelah dirasa cukup, baru kita menguji kemampuan kita dengan membuat sebuah projek yang sederhana. Projek yang direkomendasikan misalnya kalkulator atau konversi suhu. Dengan kita melakukan ini, kita sudah menerapkan metode learning by doing, yang menurut penelitian metode ini akan membuat pemahaman kita akan makin nempel ke otak. Lalu bagaimana jika kita ingin pindah ke bahasa pemrograman lain? Karena kita sudah paham konsep dasarnya, maka ketika switch bahasa pemrograman kita cukup pelajari sintaksnya saja. Dan untuk mengetahui sintaks yang akurat, internet sudah sangat banyak menyediakan sumbernya. Sumber yang paling saya rekomendasikan yaitu w3schools. Situs tersebut diibaratkan sudah menjadi ""Kamus"" wajib bagi para developer. Berdasarkan pengalaman saya, w3schools saya tempatkan di urutan teratas sebagai referensi ketika sudah mulai lupa dengan sintaks bahasa pemrograman."
Berapa banyak yang kamu hasilkan dari menjual foto di Shutterstock?,"Ini adalah penghasilan saya di shutterstock sejak tahun 2019. Alhamdulillah masih ada yang download meskipun sedikit. Yah setidaknya setiap bulan masih ada yg download. Meskipun masuknya cuman 0.1$ tapi gapapalah ðŸ˜… Saya mulai rutin upload di Shutterstock sejak bulan April 2019. Tapi dikarenakan kesibukan kuliah, kegiatan rutin upload saya terhenti di bulan November 2019. Saya sendiri masih belum tau mau ngelanjut main Shutterstock apa nggak. Soalnya mood dan semangatnya udah ga kayak dulu lagi ðŸ˜…."
Apa saran terbaikmu untuk kepribadian INFP mengingat INFP kepribadian bertolak belakang di dunia ini?,"Ini saya copaskan kutipan dari mas Syahrul Shiddiq Syahrul Shiddiq dari salah satu komen di jawaban Jawaban Syahrul Shiddiq untuk Bagaimana cara kerja fungsi Shadow MBTI (nemesis, critic, trickster, dan demon)?Coba lupakan sejenak kamu adalah INFP dan lebih fokus ke hal yang bisa kamu lakukan sekarang. Semua butuh proses dan karena INFP sering lupa waktu, jangan menunda-nunda dan lgsg lah bergerak. Ne kamu akan otomatis menemukan sesuatu saat kamu memaksakan diri utk bergerak meskipun kamu tidak suka. Percaya deh.Saya setuju sama Mas Syahrul. Cobalah mulai fokus pada apa yang ada di depanmu. Fokuslah pada hal yang bisa kamu ubah, bisa kamu lakukan. Selama ini kita selalu fokus kepada INFP nya, kenapa INFP, bagaimana INFP, apa yang salah dengan INFP. Why? Sebenarnya itu tidak salah, malah bagus sebagai langkah awal untuk lebih mengenal diri. Tapi selanjutnya apa? How?. Apakah kita akan terus berkutat dalam kepala kita? Sudah saatnya kita melangkah satu langkah ke depan. Saatnya kita menyadari akan adanya potensi dan memanfaatkan potensi tersebut di kehidupan nyata. Saran saya yang lain, cobalah untuk belajar menerima apapun kondisi yang dialami. Baik kondisi diri sendiri, ataupun kondisi di luar diri. Untuk menerima hal yang enak, saya kira tidak ada masalah. Tapi untuk menerima hal-hal sulit/gaenak di dalam kehidupan? Tidak semudah membalikkan telapak tangan memang. Disitu butuh perjuangan dan kesabaran. Saya rasa INFP dianugerahi kemampuan intrapersonal yang baik berkat Fi. Jadi sebisa mungkin untuk melatih Fi supaya lebih bisa mengenali akan diri sendiri.Barang siapa mengenal dirinya, maka dia akan mengenal Tuhannya. Ketika titik demi titik perjalanan dilalui seseorang untuk masuk ke dalam dirinya. Keindahan-keindahan akan tersingkap seiring waktu. Hanya hati yang gigih lah yang bisa mencapaimya.Yaps, saya tau ini sulit. Prakteknya memang tidak semudah teori. Tapi dari situlah kita ditempa untuk menjadi wadah yang siap menampung keindahan-keindahan yang tidak ternilai harganya."
"Mengapa kita tidak boleh merasa lebih baik dari orang lain, padahal faktanya kita memang lebih unggul dari orang tersebut?","Karena dikhawatirkan muncul perasaan yang tidak diinginkan. Tidak ada untungnya juga merasa lebih baik dari orang lain, selama diri sendiri saja masih banyak celah diri. Lebih baik melihat ke dalam diri sendiri, selalu membaca diri sendiri. Paham akan celah diri sendiri."
"Andaikan game dijadikan salah satu mata pelajaran di Indonesia, game apa yang menurut Anda cocok dijadikan mata pelajaran?","Tentu saja game iniMINECRAFT Bagi yang belum tau apa itu game Minecraft ini saya copaskan pengertiannya dari wikipedia.Minecraft adalah permainan video sandbox yang dibuat oleh pengembang Swedia Markus Persson, dirilis oleh Mojang pada tahun 2011 dan dibeli oleh Microsoft pada tahun 2014. Ini adalah video game terlaris sepanjang masa, yang terjual lebih dari 180 juta di semua platform pada akhir 2019, dengan lebih dari 112 juta pemain aktif bulanan.Jadi game ini adalah game open world, dimana kalian akan membangun dunia yang ada di dalam game ini sesuai dengan apa yang ada di imajinasi kalian. Kalian bebas malakukan apa saja di game ini, bisa mengekplor hutan, laut, pegunungan, gurun dan masih banyak tempat menarik yang bisa dieksplor. Disini kalian juga bisa membagun rumah, jembatan, gedung, atau apapun yang kalian inginkan. Eh tapi kan minecraft itu kotak-kotak kan ya? Iya benar kotak-kotak. Tapi disitulah nilai seninya. Coba lihat apa yang bisa dilakukan dengan game ini. Dari yang awalnya hanyak kotak-kotak beginiMenjadi seperti ini  Sangat keren bukan? Kembali ke pertanyaan. Menurut saya game ini bisa dipertimbangkan untuk dijadikan salah satu mata pelajaran di sekolah. Bisa dilihat sendiri, game ini bisa merangsang para siswanya untuk bisa berkreativitas sesuai dengan imajinasinya. Jadi mungkin mata pelajarannya akan masuk dalam bidang kesenian. Ditambah lagi kan sekarang sudah eranya digital. Mungkin bisa jadi terobosan baru untuk dunia pendidikan supaya pembelajarannya lebih bervariatif. Tapi kembali lagi ke pemerintah sendiri sih, apalah setuju atau tidak. Yang pasti setiap kebijakan juga pasti ada kelebihan dan kekurangannya masing-masing. Referensi dan sumber gambar: Wikipedia Places Journal How to Create A Map in Minecraft 2021 Minecraft Official Site"
Lagu apa saja yang Anda salah mengerti makna dari liriknya saat pertama kali mendengarnya dan terkejut saat mengetahui makna sebenarnya? Apa makna di persepsi awal Anda dan makna sebenarnya dari lagu tersebut?,"Mungkin kalian semua sudah tau Group Band iniLetto Mungkin bagi kalian termasuk saya, ketika mendengarkan lagu Letto dulu pas masih kecil mengartikan lagunya itu ke arah lagu percintaan, atau lagu-lagu romantis. Ya tidak salah memang, toh itu persepsi diri kita pribadi yang memang waktu itu kapasitasnya hanya memahami hal itu. Tapi bagi saya, saya mulai mulai menemukan persepsi lain ketika mendengarkan lagu-lagu dari Letto. Saya mulai menemukan ""kejanggalan"" di bait-bait liriknya. Terlebih ketika saya sudah mengetahui ternyata Noe sang vokalis, adalah anak kandung dari Emha Ainun Nadjib (Cak Nun). Bagi yang sudah tau siapa itu Cak Nun, mungkin kalian akan paham maksud saya. Berikut saya tuliskan cuplikan lirik dari salah aatu lagu Letto yang berjudul Lubang Di Hati.Kubuka mata dan kulihat duniaT'lah kuterima anugerah cintaNya Tak pernah aku menyesali yang kupunyaTapi kusadari ada lubang dalam hati Kucari sesuatu yang mampu mengisi lubang iniKumenanti jawaban apa yang dikatakan oleh hati Apakah itu kamu? Apakah itu dia?Selama ini kucari tanpa hentiApakah itu cinta? Apakah itu cita?Yang mampu melengkapi lubang di dalam hati Kumengira hanya dialah obatnyaTapi ku sadari bukan itu yang kucari Ku teruskan perjalanan panjang yang begitu melelahkanDan kuyakin kau tak ingin aku berhenti Apakah itu kamu? Apakah itu dia?Selama ini kucari tanpa hentiApakah itu cinta? Apakah itu cita?Yang mampu melengkapi lubang di dalam hati OhOh-oh-ohOhYe-ye-yeah Apakah itu kamu? Apakah itu dia?Selama ini kucari tanpa hentiApakah itu cinta? Apakah itu cita?Yang 'kan mengisi lubang di dalam hatiOhTerlihat romantis bukan? Yaps saya pikir juga begitu. Sebuah lagu romantis yang ditujukan kepadaNya. Sang Maha dari segala Maha. Maksudnya? Saya tidak bisa menjelaskannya, saya ingin kalian untuk meresapi setiap lirik-lirik diatas dan mengartikannya sendiri. Tidak hanya satu dua lagu. Mungkin hampir semua lagu dari Letto itu memiliki makna tersirat bagi yang sudah paham."
Apa padanan bahasa Indonesia untuk kata 'Ndilalah'?,Kebetulan yang tidak kebetulan
"Saya seorang desainer grafis otodidak, tapi akhir-akhir ini sering sekali ""art block"". Apa yang harus saya lakukan? Adakah saran buku atau kelas yang harus saya ambil?","Kalo berdasarkan pengalaman saya pribadi, cara mengatasi art block dengan cara berhenti sejenak, menjauh dari hal yang membuat kita tertekan, atau istilahnya ""refreshing"". Kalo dari saya pribadi, saya biasanya yah buka sosmed, nge-youtube atau nonton film di laptop. Kadang dari hal random yang kita lakuin itu, muncul sebuah ide tak terduga yang membuat semangat kita naik lagi untuk berkarya. Jadi intinya jangan dipaksa untuk berkarya. Karena art block itu terjadi ada sangkut pautnya dengan mood kita sendiri. Emosi semakin dipaksa semakin memberontak. Bayangkan saja bagaimana rasanya ketika di depan laptop, ide tidak muncul, lalu diri kita sendiri memaksa badan kita untuk tetap memainkan mouse dan keyboard. Jadi biarkan ide itu datang dengan sendirinya. Munculnya ide itu dipengaruhi oleh mood. Kalo dari pengalaman saya, ketika mood saya lagi baik disitu ide itu kadang atau bahkan sering bermunculan. Tidak mudah memang. Saya aja kadang masih mengalami art block. Yah karena tadi, ini ada hubungannya dengan manajemen emosi dan juga pengendalian diri. Dan saya masih harus banyak belajar tentang hal ini."
Bagaimana pengalamanmu mengikuti olimpiade sains yang bidangnya tidak dipelajari di sekolah seperti astronomi atau komputer?,"Halo.. Saya Ridwan dan izinkan saya untuk menceritakan pengalaman saya dulu saat mengikuti Olimpiade Sains. Bulan Oktober tahun 2015, kala itu saya masih kelas 10. Saat pelajaran matematika. Guru matematika (kita panggil saja Bu A) memanggil saya ke depan mejanya. ""Ada apa ini?"" Benak saya merespon. Dan ternyata Bu A menyarankan saya untuk mengikuti Olimpiade Sains Nasional Tingkat Kabupaten. ""What?â€¦ ikut olimpiade? Tunggu - tunggu. Ini ga salah dengar kan?."" Dan bu A menjelaskan bahwa beliau ingin saya untuk mengikuti Olimpiade Sains Tingkat Kabupaten (OSK) bidang Informatika/komputer. ""What the hack. Kenapa komputer??.."" Pikiran saya langsung membayangkan soal seperti ""Siapakah pencipta komputer pertama?"" atau ""Bagaimana perkembangan komputer dari masa ke masa?"". Bu A pun menjelaskan bahwa sebenarnya beliau telah lama mengamati saya dari sejak awal masuk SMA. Dia mengganggap saya mampu di bidang matematika terutama di bagian logika. Yaps saya memang dari dulu suka pelajaran matematika tapi lebih ke arah matematika logika yang tidak mengharuskan menghafal banyak rumus. Terus apa hubungannya matematika, logika dengan komputer? Bu A pun kembali menjelaskan bahwa soal OSK Komputer itu mirip seperti soal matematika. Cuman bisa dibilang soal OSK Komputer lebih mengutamakan logika dan proses berpikir untuk menyelesaikan masalah yang ada, dan biasanya masalahnya itu berhubungan dengan matematika dan logika berpikir. Owalah jadi gitu tah. Tak kirain soalnya seperti ""Siapa pencipta komputer"" wkwkwkwk. Ternyata dugaan saya salah pemirsa. Untuk yang ingin tau contoh soal olimpiade, ini saya kutip soal OSK 2016.Yaps, seperti itu soal OSK komputer. Jauh dari dugaan saya. Saya pun tertarik ketika pertama kali melihat soal kayak gitu. ""Hmmm.. Kayaknya seru nih"". Karena di sekolah saya dulu peminat OSK Komputer masih sedikit. Akhirnya saya langsung bisa mengikuti OSK tanpa harus melalui seleksi sekolah. Sekedar info, jaman saya dulu kuota untuk mengikuti OSK tiap bidang itu 10 orang untuk satu sekolah. Gatau kalo jaman sekarang . Dengar - denger sih dikurangi kuotanya (?). Skipâ€¦ Tepat akhir januari tahun 2016 sekitar pukul 7 pagi, datang surat dispensasi datang ke kelas saya yang ditujukan kepada siswa yang mengikuti OSK. Itu karena sekolah saya mempunyai kebijakan untuk mendispensasikan siswa yang mengikuti olimpiade, baik itu OSK, OSP, dan juga OSN. Mengingat sekolah saya itu sekolah unggulan di Kabupaten saya. Jadi pihak sekolah ingin memaksimalkan supaya siswanya bisa berprestasi di Olimpiade Sains. Pihak sekolah memberikan waktu dispensasi 3 minggu. Yaps benar 3 minggu. Waktu yang lumayan lama bagi saya. Saya pun harus mengorbankan pelajaran sekolah untuk bisa fokus ke olimpiade. Jangan ditanya bagaimana rasanya ketika balik lagi ke kelas tapi dengan kondisi tidak mengikuti pelajaran selama 3 minggu. Bingung pemirsa wkwkwkwk. Sekedar info. yang ikut OSK komputer waktu itu 8 orang dengan rincian 5 dari kelas 10 (termasuk saya), dan 3 dari kelas 11. Dan 2 orang dari 3 kakak kelas itu mantan juara OSK Komputer tahun 2015 tapi tidak lolos ke OSN. Jadi kakak kelas itu terhenti di OSP. Kalo boleh jujur, saya dulu awal dispensasi ga memasang target sama sekali buat OSK. Harus juara, harus beginiâ€¦ Itu tidak terlintas di pikiran saya waktu itu. Saya loh dikasih waktu dispensasi saja saya senang wkwkwk. ketahuan betapa tidak niatnya saya sekolah dulu :(. Balik lagiâ€¦ Metode untuk belajar materi Komputer bisa dibilang beda dari bidang OSK yang lain. Mungkin karena komputer (dan juga astronomi) tidak diajarkan di sekolah. Tapi kalo astronomi itu bisa dibilang ilmu pasti, rumusnya sudah ada dan ada teorinya. Lah, sedangkan komputer? Bisa dilihat sendiri soal di atas. Tapi di sisi lain seru juga sih, saya menikmatinya ketika mengerjakan soal itu. Meskipun beberapa soal bikin darah naik sih wkwkwk. Jadi teringat dulu tokoh - tokoh yang sering muncul di soal. Pak Dengklek, Bu Dengklek. Siapa itu? ditambah lagi anaknya. wkwkwk keluarga macam apa ini yang membuat saya gabisa tidur wkwkwk (Canda Deng). Skipâ€¦. Untuk pembagian materinya Olimpiade Komputer itu terbagi menjadi 3 bagian, yaitu :Analitik dan Logika di bagian ini kita diajak untuk mengasah otak, kecerdasan dan kreativitas kita dalam memahami dan menyeleaikan masalahAritmatika bagian ini merupakan pengembangan dari ilmu yang kita pelajari di sekolah, jadi pemahaman materi matematika di SMA sangat membantu. Materi seperti kombinatorika, permutasi, kombinasi, teori bilangan, deret fibonacci, deret bilangan, dan penyelesain sistem persamaan linear sangat dibutuhkan di bagian ini.Algoritma dan Pemrograman Nah, ini materi paling sulit karena ini tidak diajarkan di sekolah. Bisa dibilang ini adalah benar-benar materi komputer itu sendiri.Metode yang kami gunakan dulu waktu belajar OSK adalah dengan memperbanyak latihan soal - soal. Biasanya kami print dan copy soal OSK tahun - tahun sebelumnya sebagai bahan belajar. Untuk bagian Analitik dan Logika tidak menjadi masalah sih, karena ini hanya mengandalkan logika berpikir dan kreativitas kita untuk menyelesaikan soal - soal logika. Untuk bagian Aritmatika, karena ini merupakan materi matematika, mau tidak mau saya yang waktu itu masih kelas 10, harus belajar materi matematika kelas 11 tentang kombinatorika, permutasi dan kombinasi, dan materi matematika dasar yang lain. Tidak jarang kami waktu itu sering konsul ke guru matematika kami, Bu A. Nah untuk bagian Algoritma dan Pemrograman, saya belajar materi ini dari kakak kelas saya sang juara OSK tahun lalu. Karena materi ini bisa dibilang baru bagi saya. Saya teringat dulu ketika pertama kali menatap lembaran soal - soal algoritma. ""What the hackâ€¦.? Ini gimana baca kodenya? Gimana cara ngerjainnya? Kayaknya sulit nihâ€¦."" Batin saya. Dan setelah diajari oleh kakak kelas bagaimana cara membaca dan mengerjakannya, respon saya dalam hati ""Owalahâ€¦ gitu tahhh. hmmâ€¦. lumayan seru juga kayaknya, tak kirain nanti bakalan rumit gimana gitu, ternyata nggak deng"" Saya pun seperti mendapat suntikan semangat waktu itu. Yaps saya jadi suka ngerjain soal - soal itu. Seru aja gitu ketika saya berhasil menyelesaikan suatu soal di lembaran itu. Seperti ada suntikan dopamin atau apalah namanya yang masuk dalam tubuh saya. (Ceileh bahasanya Ridwan wkwkwk). Skipâ€¦. Tibalah hari H. Hari yang dinantikan untuk menguji pencapaian kami selama dispensasi. Waktu itu tidak terlintas di pikiran saya untuk juara, mengingat saya masih kelas 10 dan nihil pengalaman ikut olimpiade. Pikir saya palingan yang juara 1, 2, 3 itu para kakak kelas Sekitar 3 hari pasca OSK, Pembina OSK Komputer di sekolah saya memanggil saya. Beliau tiba - tiba bilang ""Kamu juara 3 OSK"". Respon saya ""Yang benar Pak?"" ""Iya benar"" Saya pun langsung balik ke kelas dengan masih memikirkan perkataan Pembina OSK saya. ""What the hackâ€¦ ini benar tah saya juaranya?. Asumsi saya yang juara itu pasti 3 kakak kelas saya. mengingat mereka sudah kelas 11. FYI juara 1 sama 2 nya itu masih tetap dipegang kakak kelas saya yang tahun sebelumnya pernah juara. Dan karena saya lolos OSK, saya lanjut untuk bersaing di OSP. Tapi karena mungkin bukan rezekinya, saya ga lolos OSP. Tapi menjadi juara 3 di OSK sudah lumayan memuaskan bagi saya. Skipâ€¦ Di tahun berikutnya saya ikut OSK Komputer lagi dengan status saya sebagai kakak kelas (senior). Berbekal pengalaman tahun sebelumnya saya menjadi pembimbing bagi adik - adik kelas yang baru ikut OSK Komputer. Dan Alhamdulilah saat kelas 11 saya berhasil juara 1 OSK Komputer. Tapi lagi - lagi, saya kurang beruntung di tingkat Provinsi (OSP). PENUTUP Kesimpulan dari tulisan adalah meskipun OSN Informatika/Komputer itu tidak diajarkan di sekolah, tapi sebenarnya OSN Komputer itu tidak beda jauh dari matematika biasa. Jadi jika kalian sedang/ingin mengikuti OSN Komputer kalian cukup asah kemampuan logika kalian doang dan mempelajari beberapa bab matematika. Pesan saya jika ada dari kalian yang masih SMA kelas 10 atau 11 yang membaca tulisan ini dan tertarik dengan soal - soal logika seperti gambar di atas. Kalian bisa mencoba untuk ikut Olimpiade Sains bidang Komputer. Eman - eman kemampuan kalian ga dimanfaatin. Oh iya BTW saya dengar Olimpiade Sains Nasional (OSN) berubah nama menjadi Kompetisi Sains Nasional (KSN) (?) Referensi : http://fusharblog.com/tips-osk-dan-osp-bidang-komputer/"
"Jika pekerjaanmu sampai membuatmu tidak bisa tidur, pusing, dan tertekan, menurutmu apakah itu masih 'sehat'?","Kayaknya semua pekerjaan ada kemungkinan kayak gitu deh wkwkwk. Bisa dibilang konsekuensinya yak. Tapi kalo setiap melakukan pekerjaan muncul hal itu mungkin kitanya emang ga cocok sama pekerjaannya. Solusinya ya mau tidak mau harus mencoba untuk mencari titik nyaman dengan pekerjaan atau mungkin kalo ga betah ya resign dan cari pekerjaan yang lebih sesuai. Balik lagi ke diri sendiri sih, harus pintar-pintar manajemen waktu dan emosi supaya tidak stress berkepanjangan."
Apa bedanya egois dan berprinsip? Adakah hubungannya?,"Menurut pemahaman saya egois itu ketika kita mengambil keputusan tapi nggak melihat/mempertimbangkan kondisi orang lain. Dalam artian kita melakukan itu untuk membesarkan ego kita sendiri. Sedangkan berprinsip itu merupakan pemikiran/cara pikir yang asalnya berasal dari pengalaman seseorang, dan itu biasanya sudah melalui proses kontemplasi. Dalam artian dia menyimpulkan bahwa ""prinsip"" yang dia yakini itu ""benar"" karena sudah dibuktikan di pengalaman sebelumnya. Dan yang harus di garis bawahi bahwa prinsip setiap orang itu bisa beda-beda dan itu belum tentu benar juga belum tentu salah. Mengapa? Karena itu berasal dari pengalaman sehingga sifatnya bersifat subjektif. Dan menurut saya orang yang terlalu berprinsip juga bisa menjadi seorang yang egois jika dia tidak mau mendengarkan pendapat orang lain. Apa lagi sampe membenci orang yang menyalahi prinsipnya."
Bagaimana cara agar orang lain menghargai kita?,Caranya sebenarnya simple. Cukup dengan memberi respect juga ke orang lain. Ingat hukum karma.
Bagaimana caramu mendapatkan pekerjaan pertama sebagai seorang freelancer?,"Bangun dulu personal brandmu. Buat dirimu dikenal banyak orang dengan produk yang kamu tawarkan. Caranya bisa dengan membangun portfolio yang sesuai dengan niche kamu, dan mengsharenya ke sosial media supaya karyamu bisa dilihat banyak orang. Jika portfoliomu berkualitas, InsyaAllah bakalan ada projek yang datang. Yang penting sabar dan konsisten dalam membangun personal brandmu. Tingkatkan juga kuliatas karyamu. Kalimat ini saya pertebal karena hal ini menurut saya paling penting yang harus dilakukan freelancer. Tingkatkan kulitas, nanti dengan sendirinya kuantitas (projek) akan mengikuti. Jangan lupa untuk berdoa dan bersedekah. Semoga bermanfaatðŸ˜Š"
Apakah kamu punya fobia yang bisa dibilang tidak lazim?,"Saya punya ketakutan tersendiri terhadap makanan yang digemari oleh kebanyaan orang. Ini dia makanannya.Yaps. Saya fobia kerupuk. Saya juga gatau kenapa kok bisa separno itu sama makanan ringan itu. Seinget saya emang sudah dari kecil gasuka sama kerupuk. Saya suka gatahan kalo mencium baunyaðŸ˜¥. Jangankan makan, pegang aja saya ga berani. Dan kalo ngelihat orang yang lagi makan kerupuk, ntah kenapa saya kok kaya ada rasa kayak (maaf) jijik-jijik gimana gitu. ðŸ˜¥ Dan dilihat dari jawaban-jawaban yg lain, ada yang fobia balon, peniti, pisang. Saya memaklumi hal itu dan saya paham rasanya. Karena saya juga mengalaminyaðŸ˜¥. Jadi saya ga bisa ngejudge dia. Untung saya fobianya cuman kerupuk, jadi ga terlalu mengganggu aktivitas saya. Memangnya kerupuk itu harus dimakan setiap hari?. Kan enggak kan. Banyak makanan yang lain yang saya suka."
Mengapa karakter orang berbeda-beda?,"Ada banyak faktor yang membuat karakter orang beda-beda. Berikut ini adalah faktor-faktornyaLingkungan Setiap orang besar di lingkungan yg berbeda. Contohnya Orang yang lahir di lingkungan kaya raya jelas karakternya berbeda dengan orang yang lahir di lingkungan (maaf) kekurangan.Pola Asuh Orang Tua Ini serius, bisa dilihat orang yang dari kecil sudah dididik dengan kasih sayang dan sebaliknya. Atau bisa dilihat orang yg sedari kecil pernah mengalami (maaf) child abuse dari orang tuanya. Pasti hal itu berpengaruh ke kebiasaan, cara membuat keputusan, cara interaksi dengan orang lain dan aspek lainnya.Genetik Contohnya berupa sifat turunan dari orang tua. Atau bisa berupa bakat/kemampuan yang nurun dari orang tua ke anaknya. Sehingga hal itu mempengaruhi karakternya."
Seberapa perfeksionis seorang INFP?,"Hanya ingin mengeluarkan apa yg ada di hati dan pikiran saya. Saya INFP. Dan saya cenderung perfeksionis. Tapi perfeksionisnya saya hanya berhubungan dengan hal yg saya sukai atau passion saya. Kalo tidak berhubungan dengan passion saya, saya cenderung bodo amat dan.pasrah mau gimana nanti hasilnya. Contohnya, passion saya desain grafis. Ada beberapa kasus ketika saya telah mengupload karya saya ke instagram, tapi setelah dicek ternyata terdapat 1 kesalahan ntah warna atau garis outline yg belum dihilangkan (anak desain pasti paham) pasti saya akan menghapus postingan saya dan berusaha segera untuk memperbaikinya. Saya melakukan itu karena itu passion saya, saya suka melakukan itu dan ingin memberikan yang terbaik. Sedangkan jika itu suatu hal di luar apa yg saya suka, saya cenderung bodo amat, tidak terlalu banyak dipikirin, pasrah aja."
Apa yang dimaksud dengan ikhlas?,"Menurut opini saya ikhlas itu ketika kita berhasil menghilangkan ego (keakuan). Contohnya ikhlas bersedekah. Berarti kita bersedekah orientasinya hanya orang lain, seperti ingin membantu dia, membuat dia tersenyum, atau membuat dia bahagia."
Bagaimana caramu agar cepat terlelap untuk tidur?,"Biasanya orang sulit tidur karena banyak pikiran yg hinggap di kepala mereka. Jadi cara agar mudah tertidur adalah mengendalikan pikiran kita supaya bisa berhenti dari apa yg seharusnya tidak dipikirkan. Saya ada tips dari guru saya agar pikiran kita tidak mengembara kemana mana. Pertama rasakan kaki dan tangan dulu (jangan dipikirkan, cukup rasakan) selama beberapa detik. Setelah itu baru ditambah dengan mendengarkan suara di sekitar tanpa menilai, maksudnya tanpa menilai atau melabeli atau terdiktrasi oleh suara itu, jadi cukup dengarkan saja. Jadi kalo susah tidur cukup lakukan teknik itu. Rasakan kaki, rasakan tangan, dan dengarkan suara di sekitar tanpa menilai. Dan akan tertidur dengan sendirinya."
Mengapa di Quora banyak sekali pembahasan tentang INFP dibandingkan kepribadian lain?,"karena INFP ini menurut saya pribadi merupakan kepribadian yg paling aktif untuk mencari jati diri mereka. Makanya begitu banyak pembahasan INFP di quora. Ditambah biasanya mereka di dunia nyata jarang cerita(curhat) ke orang. Karena memang hal yg disukai infp itu cenderung ""beda"" dari kebanyaan orang pada umumnya"
